date,time,park,land,attraction,wait_time,is_open
2026-09-01,07:31,Magic Kingdom,Adventureland,A Pirate's Adventure ~ Treasures of the Seven Seas,0,False
2026-09-01,07:31,Magic Kingdom,Adventureland,Jungle Cruise,0,False
2026-09-01,07:31,Magic Kingdom,Adventureland,Pirates of the Caribbean,0,False
2026-09-01,07:31,Magic Kingdom,Adventureland,Swiss Family Treehouse,0,False
2026-09-01,07:31,Magic Kingdom,Adventureland,The Magic Carpets of Aladdin,0,False
2026-09-01,07:31,Magic Kingdom,Adventureland,Walt Disney's Enchanted Tiki Room,0,False
2026-09-01,07:31,Magic Kingdom,Fantasyland,it's a small world,0,False
2026-09-01,07:31,Magic Kingdom,Fantasyland,Casey Jr. Splash 'N' Soak Station,0,False
2026-09-01,07:31,Magic Kingdom,Fantasyland,Cinderella Castle,0,False
2026-09-01,07:31,Magic Kingdom,Fantasyland,Dumbo the Flying Elephant,0,False
2026-09-01,07:31,Magic Kingdom,Fantasyland,Enchanted Tales with Belle,0,False
2026-09-01,07:31,Magic Kingdom,Fantasyland,Mad Tea Party,0,False
2026-09-01,07:31,Magic Kingdom,Fantasyland,Meet Ariel at Her Grotto,0,False
2026-09-01,07:31,Magic Kingdom,Fantasyland,Meet Cinderella and a Visiting Princess at Princess Fairytale Hall,0,False
2026-09-01,07:31,Magic Kingdom,Fantasyland,Meet Daring Disney Pals as Circus Stars at Pete's Silly Sideshow,0,False
2026-09-01,07:31,Magic Kingdom,Fantasyland,Meet Dashing Disney Pals as Circus Stars at Pete's Silly Sideshow,0,False
2026-09-01,07:31,Magic Kingdom,Fantasyland,Meet Princess Tiana and a Visiting Princess at Princess Fairytale Hall,0,False
2026-09-01,07:31,Magic Kingdom,Fantasyland,Mickey's PhilharMagic,0,False
2026-09-01,07:31,Magic Kingdom,Fantasyland,Peter Pan's Flight,0,False
2026-09-01,07:31,Magic Kingdom,Fantasyland,Prince Charming Regal Carrousel,0,False
2026-09-01,07:31,Magic Kingdom,Fantasyland,Seven Dwarfs Mine Train,0,False
2026-09-01,07:31,Magic Kingdom,Fantasyland,The Barnstormer,0,False
2026-09-01,07:31,Magic Kingdom,Fantasyland,The Many Adventures of Winnie the Pooh,0,False
2026-09-01,07:31,Magic Kingdom,Fantasyland,Under the Sea - Journey of The Little Mermaid,0,False
2026-09-01,07:31,Magic Kingdom,Fantasyland,Walt Disney World Railroad - Fantasyland,0,False
2026-09-01,07:31,Magic Kingdom,Frontierland,Big Thunder Mountain Railroad,0,False
2026-09-01,07:31,Magic Kingdom,Frontierland,Country Bear Musical Jamboree,0,False
2026-09-01,07:31,Magic Kingdom,Frontierland,Tiana's Bayou Adventure,0,False
2026-09-01,07:31,Magic Kingdom,Liberty Square,Haunted Mansion,0,False
2026-09-01,07:31,Magic Kingdom,Liberty Square,The Hall of Presidents,0,False
2026-09-01,07:31,Magic Kingdom,"Main Street, U.S.A.",Main Street Vehicles,0,False
2026-09-01,07:31,Magic Kingdom,"Main Street, U.S.A.",Meet Mickey at Town Square Theater,0,False
2026-09-01,07:31,Magic Kingdom,"Main Street, U.S.A.","Walt Disney World Railroad - Main Street, U.S.A.",0,False
2026-09-01,07:31,Magic Kingdom,Tomorrowland,Astro Orbiter,0,False
2026-09-01,07:31,Magic Kingdom,Tomorrowland,Buzz Lightyear’s Space Ranger Spin,0,False
2026-09-01,07:31,Magic Kingdom,Tomorrowland,"Monsters, Inc. Laugh Floor",0,False
2026-09-01,07:31,Magic Kingdom,Tomorrowland,Space Mountain,0,False
2026-09-01,07:31,Magic Kingdom,Tomorrowland,Tomorrowland Speedway,0,False
2026-09-01,07:31,Magic Kingdom,Tomorrowland,Tomorrowland Transit Authority PeopleMover,0,False
2026-09-01,07:31,Magic Kingdom,Tomorrowland,TRON Lightcycle / Run,0,False
2026-09-01,07:31,Magic Kingdom,Tomorrowland,Walt Disney's Carousel of Progress,0,False
2026-09-01,07:31,Magic Kingdom,Other,Meet Jack Skellington and Sally at Mickey's Not-So-Scary Halloween Party,0,False
2026-09-01,07:31,Magic Kingdom,Other,Meet Mickey Mouse and Minnie Mouse at Mickey's Not-So-Scary Halloween Party,0,False
2026-09-01,07:31,Magic Kingdom,,Meet Festive Disney Pals at Mickey’s Not-So-Scary Halloween Party,0,False
2026-09-01,07:31,EPCOT,World Celebration,Disney and Pixar Short Film Festival,0,False
2026-09-01,07:31,EPCOT,World Celebration,Journey Into Imagination With Figment,0,False
2026-09-01,07:31,EPCOT,World Celebration,Meet Beloved Disney Pals at Mickey & Friends,0,False
2026-09-01,07:31,EPCOT,World Celebration,Spaceship Earth,0,False
2026-09-01,07:31,EPCOT,World Discovery,Guardians of the Galaxy: Cosmic Rewind,0,False
2026-09-01,07:31,EPCOT,World Discovery,Mission: SPACE,0,False
2026-09-01,07:31,EPCOT,World Discovery,Test Track,0,False
2026-09-01,07:31,EPCOT,World Discovery,Test Track Presented by Chevrolet Single Rider,0,False
2026-09-01,07:31,EPCOT,World Nature,Awesome Planet,0,False
2026-09-01,07:31,EPCOT,World Nature,"Journey of Water, Inspired by Moana",0,False
2026-09-01,07:31,EPCOT,World Nature,Living with the Land,0,False
2026-09-01,07:31,EPCOT,World Nature,SeaBase Aquarium,0,False
2026-09-01,07:31,EPCOT,World Nature,Soarin' Across America,0,False
2026-09-01,07:31,EPCOT,World Nature,The Seas with Nemo & Friends,0,False
2026-09-01,07:31,EPCOT,World Nature,Turtle Talk With Crush,0,False
2026-09-01,07:31,EPCOT,World Showcase,Canada Far and Wide in Circle-Vision 360,0,False
2026-09-01,07:31,EPCOT,World Showcase,Frozen Ever After,0,False
2026-09-01,07:31,EPCOT,World Showcase,Gran Fiesta Tour Starring The Three Caballeros,0,False
2026-09-01,07:31,EPCOT,World Showcase,Meet Anna and Elsa at Royal Sommerhus,0,False
2026-09-01,07:31,EPCOT,World Showcase,Remy's Ratatouille Adventure,0,False
2026-09-01,07:31,EPCOT,World Showcase,Remy's Ratatouille Adventure Single Rider,0,False
2026-09-01,07:31,Hollywood Studios,Animation Courtyard,Disney Jr. Mickey Mouse Clubhouse Live!,0,True
2026-09-01,07:31,Hollywood Studios,Animation Courtyard,Meet Ariel at Walt Disney Presents,0,False
2026-09-01,07:31,Hollywood Studios,Animation Courtyard,The Little Mermaid – A Musical Adventure,0,True
2026-09-01,07:31,Hollywood Studios,Animation Courtyard,Walt Disney Presents,0,False
2026-09-01,07:31,Hollywood Studios,Commissary Lane,Meet Disney Stars at Red Carpet Dreams,0,False
2026-09-01,07:31,Hollywood Studios,Echo Lake,For the First Time in Forever: A Frozen Sing-Along Celebration,0,True
2026-09-01,07:31,Hollywood Studios,Echo Lake,Indiana Jones™ Epic Stunt Spectacular!,0,True
2026-09-01,07:31,Hollywood Studios,Echo Lake,Meet Olaf at Celebrity Spotlight,0,False
2026-09-01,07:31,Hollywood Studios,Echo Lake,Star Tours – The Adventures Continue,0,False
2026-09-01,07:31,Hollywood Studios,Echo Lake,Vacation Fun - An Original Animated Short with Mickey & Minnie,0,False
2026-09-01,07:31,Hollywood Studios,Hollywood Boulevard,Mickey & Minnie's Runaway Railway,0,False
2026-09-01,07:31,Hollywood Studios,Pixar Plaza,Meet Edna Mode at the Edna Mode Experience,0,False
2026-09-01,07:31,Hollywood Studios,Pixar Plaza,Toy Story Mania!,0,False
2026-09-01,07:31,Hollywood Studios,Star Wars: Galaxy's Edge,Millennium Falcon: Smugglers Run,0,False
2026-09-01,07:31,Hollywood Studios,Star Wars: Galaxy's Edge,Millennium Falcon: Smugglers Run Single Rider,0,False
2026-09-01,07:31,Hollywood Studios,Star Wars: Galaxy's Edge,Star Wars: Rise of the Resistance,0,False
2026-09-01,07:31,Hollywood Studios,Star Wars: Galaxy's Edge,Star Wars: Rise of the Resistance Single Rider,0,False
2026-09-01,07:31,Hollywood Studios,Sunset Boulevard,Beauty and the Beast – Live on Stage,0,True
2026-09-01,07:31,Hollywood Studios,Sunset Boulevard,Rock 'n' Roller Coaster Starring Aerosmith Single Rider,0,False
2026-09-01,07:31,Hollywood Studios,Sunset Boulevard,Rock ’n’ Roller Coaster Starring The Muppets,0,False
2026-09-01,07:31,Hollywood Studios,Sunset Boulevard,The Twilight Zone™ Tower of Terror,0,False
2026-09-01,07:31,Hollywood Studios,Toy Story Land,Alien Swirling Saucers,0,False
2026-09-01,07:31,Hollywood Studios,Toy Story Land,Slinky Dog Dash,0,False
2026-09-01,07:31,Animal Kingdom,Africa,Festival of the Lion King,0,True
2026-09-01,07:31,Animal Kingdom,Africa,Gorilla Falls Exploration Trail,0,False
2026-09-01,07:31,Animal Kingdom,Africa,Kilimanjaro Safaris,0,False
2026-09-01,07:31,Animal Kingdom,Africa,Wildlife Express Train,0,False
2026-09-01,07:31,Animal Kingdom,Asia,Expedition Everest - Legend of the Forbidden Mountain,0,False
2026-09-01,07:31,Animal Kingdom,Asia,Expedition Everest - Legend of the Forbidden Mountain Single Rider,0,False
2026-09-01,07:31,Animal Kingdom,Asia,Feathered Friends in Flight!,0,True
2026-09-01,07:31,Animal Kingdom,Asia,Kali River Rapids,0,False
2026-09-01,07:31,Animal Kingdom,Conservation Station,Animal Care at Conservation Station,0,False
2026-09-01,07:31,Animal Kingdom,Conservation Station,Bluey's Wild World at Conservation Station,0,False
2026-09-01,07:31,Animal Kingdom,Dinoland U.S.A,Finding Nemo: The Big Blue... and Beyond!,0,True
2026-09-01,07:31,Animal Kingdom,Discovery Island,Discovery Island Trails,0,False
2026-09-01,07:31,Animal Kingdom,Discovery Island,Meet Favorite Disney Pals at Adventurers Outpost,0,False
2026-09-01,07:31,Animal Kingdom,Discovery Island,Meet Moana at Character Landing,0,False
2026-09-01,07:31,Animal Kingdom,Discovery Island,Tree of Life,0,True
2026-09-01,07:31,Animal Kingdom,Discovery Island,Zootopia: Better Zoogether!,0,False
2026-09-01,07:31,Animal Kingdom,Pandora - The World of Avatar,Avatar Flight of Passage,0,False
2026-09-01,07:31,Animal Kingdom,Pandora - The World of Avatar,Na'vi River Journey,0,False
2026-09-01,07:31,Animal Kingdom,The Oasis,The Oasis Exhibits,0,False
2026-09-01,07:31,Animal Kingdom,The Oasis,Wilderness Explorers,0,False
2026-09-01,07:37,Magic Kingdom,Adventureland,A Pirate's Adventure ~ Treasures of the Seven Seas,0,False
2026-09-01,07:37,Magic Kingdom,Adventureland,Jungle Cruise,0,False
2026-09-01,07:37,Magic Kingdom,Adventureland,Pirates of the Caribbean,0,False
2026-09-01,07:37,Magic Kingdom,Adventureland,Swiss Family Treehouse,0,False
2026-09-01,07:37,Magic Kingdom,Adventureland,The Magic Carpets of Aladdin,0,False
2026-09-01,07:37,Magic Kingdom,Adventureland,Walt Disney's Enchanted Tiki Room,0,False
2026-09-01,07:37,Magic Kingdom,Fantasyland,it's a small world,0,False
2026-09-01,07:37,Magic Kingdom,Fantasyland,Casey Jr. Splash 'N' Soak Station,0,False
2026-09-01,07:37,Magic Kingdom,Fantasyland,Cinderella Castle,0,False
2026-09-01,07:37,Magic Kingdom,Fantasyland,Dumbo the Flying Elephant,0,False
2026-09-01,07:37,Magic Kingdom,Fantasyland,Enchanted Tales with Belle,0,False
2026-09-01,07:37,Magic Kingdom,Fantasyland,Mad Tea Party,0,False
2026-09-01,07:37,Magic Kingdom,Fantasyland,Meet Ariel at Her Grotto,0,False
2026-09-01,07:37,Magic Kingdom,Fantasyland,Meet Cinderella and a Visiting Princess at Princess Fairytale Hall,0,False
2026-09-01,07:37,Magic Kingdom,Fantasyland,Meet Daring Disney Pals as Circus Stars at Pete's Silly Sideshow,0,False
2026-09-01,07:37,Magic Kingdom,Fantasyland,Meet Dashing Disney Pals as Circus Stars at Pete's Silly Sideshow,0,False
2026-09-01,07:37,Magic Kingdom,Fantasyland,Meet Princess Tiana and a Visiting Princess at Princess Fairytale Hall,0,False
2026-09-01,07:37,Magic Kingdom,Fantasyland,Mickey's PhilharMagic,0,False
2026-09-01,07:37,Magic Kingdom,Fantasyland,Peter Pan's Flight,0,False
2026-09-01,07:37,Magic Kingdom,Fantasyland,Prince Charming Regal Carrousel,0,False
2026-09-01,07:37,Magic Kingdom,Fantasyland,Seven Dwarfs Mine Train,0,False
2026-09-01,07:37,Magic Kingdom,Fantasyland,The Barnstormer,0,False
2026-09-01,07:37,Magic Kingdom,Fantasyland,The Many Adventures of Winnie the Pooh,0,False
2026-09-01,07:37,Magic Kingdom,Fantasyland,Under the Sea - Journey of The Little Mermaid,0,False
2026-09-01,07:37,Magic Kingdom,Fantasyland,Walt Disney World Railroad - Fantasyland,0,False
2026-09-01,07:37,Magic Kingdom,Frontierland,Big Thunder Mountain Railroad,0,False
2026-09-01,07:37,Magic Kingdom,Frontierland,Country Bear Musical Jamboree,0,False
2026-09-01,07:37,Magic Kingdom,Frontierland,Tiana's Bayou Adventure,0,False
2026-09-01,07:37,Magic Kingdom,Liberty Square,Haunted Mansion,0,False
2026-09-01,07:37,Magic Kingdom,Liberty Square,The Hall of Presidents,0,False
2026-09-01,07:37,Magic Kingdom,"Main Street, U.S.A.",Main Street Vehicles,0,False
2026-09-01,07:37,Magic Kingdom,"Main Street, U.S.A.",Meet Mickey at Town Square Theater,0,False
2026-09-01,07:37,Magic Kingdom,"Main Street, U.S.A.","Walt Disney World Railroad - Main Street, U.S.A.",0,False
2026-09-01,07:37,Magic Kingdom,Tomorrowland,Astro Orbiter,0,False
2026-09-01,07:37,Magic Kingdom,Tomorrowland,Buzz Lightyear’s Space Ranger Spin,0,False
2026-09-01,07:37,Magic Kingdom,Tomorrowland,"Monsters, Inc. Laugh Floor",0,False
2026-09-01,07:37,Magic Kingdom,Tomorrowland,Space Mountain,0,False
2026-09-01,07:37,Magic Kingdom,Tomorrowland,Tomorrowland Speedway,0,False
2026-09-01,07:37,Magic Kingdom,Tomorrowland,Tomorrowland Transit Authority PeopleMover,0,False
2026-09-01,07:37,Magic Kingdom,Tomorrowland,TRON Lightcycle / Run,0,False
2026-09-01,07:37,Magic Kingdom,Tomorrowland,Walt Disney's Carousel of Progress,0,False
2026-09-01,07:37,Magic Kingdom,Other,Meet Jack Skellington and Sally at Mickey's Not-So-Scary Halloween Party,0,False
2026-09-01,07:37,Magic Kingdom,Other,Meet Mickey Mouse and Minnie Mouse at Mickey's Not-So-Scary Halloween Party,0,False
2026-09-01,07:37,Magic Kingdom,,Meet Festive Disney Pals at Mickey’s Not-So-Scary Halloween Party,0,False
2026-09-01,07:37,EPCOT,World Celebration,Disney and Pixar Short Film Festival,0,False
2026-09-01,07:37,EPCOT,World Celebration,Journey Into Imagination With Figment,0,False
2026-09-01,07:37,EPCOT,World Celebration,Meet Beloved Disney Pals at Mickey & Friends,0,False
2026-09-01,07:37,EPCOT,World Celebration,Spaceship Earth,0,False
2026-09-01,07:37,EPCOT,World Discovery,Guardians of the Galaxy: Cosmic Rewind,0,False
2026-09-01,07:37,EPCOT,World Discovery,Mission: SPACE,0,False
2026-09-01,07:37,EPCOT,World Discovery,Test Track,0,False
2026-09-01,07:37,EPCOT,World Discovery,Test Track Presented by Chevrolet Single Rider,0,False
2026-09-01,07:37,EPCOT,World Nature,Awesome Planet,0,False
2026-09-01,07:37,EPCOT,World Nature,"Journey of Water, Inspired by Moana",0,False
2026-09-01,07:37,EPCOT,World Nature,Living with the Land,0,False
2026-09-01,07:37,EPCOT,World Nature,SeaBase Aquarium,0,False
2026-09-01,07:37,EPCOT,World Nature,Soarin' Across America,0,False
2026-09-01,07:37,EPCOT,World Nature,The Seas with Nemo & Friends,0,False
2026-09-01,07:37,EPCOT,World Nature,Turtle Talk With Crush,0,False
2026-09-01,07:37,EPCOT,World Showcase,Canada Far and Wide in Circle-Vision 360,0,False
2026-09-01,07:37,EPCOT,World Showcase,Frozen Ever After,0,False
2026-09-01,07:37,EPCOT,World Showcase,Gran Fiesta Tour Starring The Three Caballeros,0,False
2026-09-01,07:37,EPCOT,World Showcase,Meet Anna and Elsa at Royal Sommerhus,0,False
2026-09-01,07:37,EPCOT,World Showcase,Remy's Ratatouille Adventure,0,False
2026-09-01,07:37,EPCOT,World Showcase,Remy's Ratatouille Adventure Single Rider,0,False
2026-09-01,07:37,Hollywood Studios,Animation Courtyard,Disney Jr. Mickey Mouse Clubhouse Live!,0,True
2026-09-01,07:37,Hollywood Studios,Animation Courtyard,Meet Ariel at Walt Disney Presents,0,False
2026-09-01,07:37,Hollywood Studios,Animation Courtyard,The Little Mermaid – A Musical Adventure,0,True
2026-09-01,07:37,Hollywood Studios,Animation Courtyard,Walt Disney Presents,0,False
2026-09-01,07:37,Hollywood Studios,Commissary Lane,Meet Disney Stars at Red Carpet Dreams,0,False
2026-09-01,07:37,Hollywood Studios,Echo Lake,For the First Time in Forever: A Frozen Sing-Along Celebration,0,True
2026-09-01,07:37,Hollywood Studios,Echo Lake,Indiana Jones™ Epic Stunt Spectacular!,0,True
2026-09-01,07:37,Hollywood Studios,Echo Lake,Meet Olaf at Celebrity Spotlight,0,False
2026-09-01,07:37,Hollywood Studios,Echo Lake,Star Tours – The Adventures Continue,0,False
2026-09-01,07:37,Hollywood Studios,Echo Lake,Vacation Fun - An Original Animated Short with Mickey & Minnie,0,False
2026-09-01,07:37,Hollywood Studios,Hollywood Boulevard,Mickey & Minnie's Runaway Railway,0,False
2026-09-01,07:37,Hollywood Studios,Pixar Plaza,Meet Edna Mode at the Edna Mode Experience,0,False
2026-09-01,07:37,Hollywood Studios,Pixar Plaza,Toy Story Mania!,0,False
2026-09-01,07:37,Hollywood Studios,Star Wars: Galaxy's Edge,Millennium Falcon: Smugglers Run,0,False
2026-09-01,07:37,Hollywood Studios,Star Wars: Galaxy's Edge,Millennium Falcon: Smugglers Run Single Rider,0,False
2026-09-01,07:37,Hollywood Studios,Star Wars: Galaxy's Edge,Star Wars: Rise of the Resistance,0,False
2026-09-01,07:37,Hollywood Studios,Star Wars: Galaxy's Edge,Star Wars: Rise of the Resistance Single Rider,0,False
2026-09-01,07:37,Hollywood Studios,Sunset Boulevard,Beauty and the Beast – Live on Stage,0,True
2026-09-01,07:37,Hollywood Studios,Sunset Boulevard,Rock 'n' Roller Coaster Starring Aerosmith Single Rider,0,False
2026-09-01,07:37,Hollywood Studios,Sunset Boulevard,Rock ’n’ Roller Coaster Starring The Muppets,0,False
2026-09-01,07:37,Hollywood Studios,Sunset Boulevard,The Twilight Zone™ Tower of Terror,0,False
2026-09-01,07:37,Hollywood Studios,Toy Story Land,Alien Swirling Saucers,0,False
2026-09-01,07:37,Hollywood Studios,Toy Story Land,Slinky Dog Dash,0,False
2026-09-01,07:37,Animal Kingdom,Africa,Festival of the Lion King,0,True
2026-09-01,07:37,Animal Kingdom,Africa,Gorilla Falls Exploration Trail,0,False
2026-09-01,07:37,Animal Kingdom,Africa,Kilimanjaro Safaris,0,False
2026-09-01,07:37,Animal Kingdom,Africa,Wildlife Express Train,0,False
2026-09-01,07:37,Animal Kingdom,Asia,Expedition Everest - Legend of the Forbidden Mountain,5,True
2026-09-01,07:37,Animal Kingdom,Asia,Expedition Everest - Legend of the Forbidden Mountain Single Rider,0,True
2026-09-01,07:37,Animal Kingdom,Asia,Feathered Friends in Flight!,0,True
2026-09-01,07:37,Animal Kingdom,Asia,Kali River Rapids,0,False
2026-09-01,07:37,Animal Kingdom,Conservation Station,Animal Care at Conservation Station,0,False
2026-09-01,07:37,Animal Kingdom,Conservation Station,Bluey's Wild World at Conservation Station,0,False
2026-09-01,07:37,Animal Kingdom,Dinoland U.S.A,Finding Nemo: The Big Blue... and Beyond!,0,True
2026-09-01,07:37,Animal Kingdom,Discovery Island,Discovery Island Trails,0,False
2026-09-01,07:37,Animal Kingdom,Discovery Island,Meet Favorite Disney Pals at Adventurers Outpost,0,False
2026-09-01,07:37,Animal Kingdom,Discovery Island,Meet Moana at Character Landing,0,False
2026-09-01,07:37,Animal Kingdom,Discovery Island,Tree of Life,0,True
2026-09-01,07:37,Animal Kingdom,Discovery Island,Zootopia: Better Zoogether!,10,True
2026-09-01,07:37,Animal Kingdom,Pandora - The World of Avatar,Avatar Flight of Passage,30,True
2026-09-01,07:37,Animal Kingdom,Pandora - The World of Avatar,Na'vi River Journey,5,True
2026-09-01,07:37,Animal Kingdom,The Oasis,The Oasis Exhibits,0,False
2026-09-01,07:37,Animal Kingdom,The Oasis,Wilderness Explorers,0,False
2026-09-01,07:42,Magic Kingdom,Adventureland,A Pirate's Adventure ~ Treasures of the Seven Seas,0,False
2026-09-01,07:42,Magic Kingdom,Adventureland,Jungle Cruise,0,False
2026-09-01,07:42,Magic Kingdom,Adventureland,Pirates of the Caribbean,0,False
2026-09-01,07:42,Magic Kingdom,Adventureland,Swiss Family Treehouse,0,False
2026-09-01,07:42,Magic Kingdom,Adventureland,The Magic Carpets of Aladdin,0,False
2026-09-01,07:42,Magic Kingdom,Adventureland,Walt Disney's Enchanted Tiki Room,0,False
2026-09-01,07:42,Magic Kingdom,Fantasyland,it's a small world,0,False
2026-09-01,07:42,Magic Kingdom,Fantasyland,Casey Jr. Splash 'N' Soak Station,0,False
2026-09-01,07:42,Magic Kingdom,Fantasyland,Cinderella Castle,0,False
2026-09-01,07:42,Magic Kingdom,Fantasyland,Dumbo the Flying Elephant,0,False
2026-09-01,07:42,Magic Kingdom,Fantasyland,Enchanted Tales with Belle,0,False
2026-09-01,07:42,Magic Kingdom,Fantasyland,Mad Tea Party,0,False
2026-09-01,07:42,Magic Kingdom,Fantasyland,Meet Ariel at Her Grotto,0,False
2026-09-01,07:42,Magic Kingdom,Fantasyland,Meet Cinderella and a Visiting Princess at Princess Fairytale Hall,0,False
2026-09-01,07:42,Magic Kingdom,Fantasyland,Meet Daring Disney Pals as Circus Stars at Pete's Silly Sideshow,0,False
2026-09-01,07:42,Magic Kingdom,Fantasyland,Meet Dashing Disney Pals as Circus Stars at Pete's Silly Sideshow,0,False
2026-09-01,07:42,Magic Kingdom,Fantasyland,Meet Princess Tiana and a Visiting Princess at Princess Fairytale Hall,0,False
2026-09-01,07:42,Magic Kingdom,Fantasyland,Mickey's PhilharMagic,0,False
2026-09-01,07:42,Magic Kingdom,Fantasyland,Peter Pan's Flight,0,False
2026-09-01,07:42,Magic Kingdom,Fantasyland,Prince Charming Regal Carrousel,0,False
2026-09-01,07:42,Magic Kingdom,Fantasyland,Seven Dwarfs Mine Train,0,False
2026-09-01,07:42,Magic Kingdom,Fantasyland,The Barnstormer,0,False
2026-09-01,07:42,Magic Kingdom,Fantasyland,The Many Adventures of Winnie the Pooh,0,False
2026-09-01,07:42,Magic Kingdom,Fantasyland,Under the Sea - Journey of The Little Mermaid,0,False
2026-09-01,07:42,Magic Kingdom,Fantasyland,Walt Disney World Railroad - Fantasyland,0,False
2026-09-01,07:42,Magic Kingdom,Frontierland,Big Thunder Mountain Railroad,0,False
2026-09-01,07:42,Magic Kingdom,Frontierland,Country Bear Musical Jamboree,0,False
2026-09-01,07:42,Magic Kingdom,Frontierland,Tiana's Bayou Adventure,0,False
2026-09-01,07:42,Magic Kingdom,Liberty Square,Haunted Mansion,0,False
2026-09-01,07:42,Magic Kingdom,Liberty Square,The Hall of Presidents,0,False
2026-09-01,07:42,Magic Kingdom,"Main Street, U.S.A.",Main Street Vehicles,0,False
2026-09-01,07:42,Magic Kingdom,"Main Street, U.S.A.",Meet Mickey at Town Square Theater,0,False
2026-09-01,07:42,Magic Kingdom,"Main Street, U.S.A.","Walt Disney World Railroad - Main Street, U.S.A.",0,False
2026-09-01,07:42,Magic Kingdom,Tomorrowland,Astro Orbiter,0,False
2026-09-01,07:42,Magic Kingdom,Tomorrowland,Buzz Lightyear’s Space Ranger Spin,0,False
2026-09-01,07:42,Magic Kingdom,Tomorrowland,"Monsters, Inc. Laugh Floor",0,False
2026-09-01,07:42,Magic Kingdom,Tomorrowland,Space Mountain,0,False
2026-09-01,07:42,Magic Kingdom,Tomorrowland,Tomorrowland Speedway,0,False
2026-09-01,07:42,Magic Kingdom,Tomorrowland,Tomorrowland Transit Authority PeopleMover,0,False
2026-09-01,07:42,Magic Kingdom,Tomorrowland,TRON Lightcycle / Run,0,False
2026-09-01,07:42,Magic Kingdom,Tomorrowland,Walt Disney's Carousel of Progress,0,False
2026-09-01,07:42,Magic Kingdom,Other,Meet Jack Skellington and Sally at Mickey's Not-So-Scary Halloween Party,0,False
2026-09-01,07:42,Magic Kingdom,Other,Meet Mickey Mouse and Minnie Mouse at Mickey's Not-So-Scary Halloween Party,0,False
2026-09-01,07:42,Magic Kingdom,,Meet Festive Disney Pals at Mickey’s Not-So-Scary Halloween Party,0,False
2026-09-01,07:42,EPCOT,World Celebration,Disney and Pixar Short Film Festival,0,False
2026-09-01,07:42,EPCOT,World Celebration,Journey Into Imagination With Figment,0,False
2026-09-01,07:42,EPCOT,World Celebration,Meet Beloved Disney Pals at Mickey & Friends,0,False
2026-09-01,07:42,EPCOT,World Celebration,Spaceship Earth,0,False
2026-09-01,07:42,EPCOT,World Discovery,Guardians of the Galaxy: Cosmic Rewind,0,False
2026-09-01,07:42,EPCOT,World Discovery,Mission: SPACE,0,False
2026-09-01,07:42,EPCOT,World Discovery,Test Track,0,False
2026-09-01,07:42,EPCOT,World Discovery,Test Track Presented by Chevrolet Single Rider,0,False
2026-09-01,07:42,EPCOT,World Nature,Awesome Planet,0,False
2026-09-01,07:42,EPCOT,World Nature,"Journey of Water, Inspired by Moana",0,False
2026-09-01,07:42,EPCOT,World Nature,Living with the Land,0,False
2026-09-01,07:42,EPCOT,World Nature,SeaBase Aquarium,0,False
2026-09-01,07:42,EPCOT,World Nature,Soarin' Across America,0,False
2026-09-01,07:42,EPCOT,World Nature,The Seas with Nemo & Friends,0,False
2026-09-01,07:42,EPCOT,World Nature,Turtle Talk With Crush,0,False
2026-09-01,07:42,EPCOT,World Showcase,Canada Far and Wide in Circle-Vision 360,0,False
2026-09-01,07:42,EPCOT,World Showcase,Frozen Ever After,0,False
2026-09-01,07:42,EPCOT,World Showcase,Gran Fiesta Tour Starring The Three Caballeros,0,False
2026-09-01,07:42,EPCOT,World Showcase,Meet Anna and Elsa at Royal Sommerhus,0,False
2026-09-01,07:42,EPCOT,World Showcase,Remy's Ratatouille Adventure,0,False
2026-09-01,07:42,EPCOT,World Showcase,Remy's Ratatouille Adventure Single Rider,0,False
2026-09-01,07:42,Hollywood Studios,Animation Courtyard,Disney Jr. Mickey Mouse Clubhouse Live!,0,True
2026-09-01,07:42,Hollywood Studios,Animation Courtyard,Meet Ariel at Walt Disney Presents,0,False
2026-09-01,07:42,Hollywood Studios,Animation Courtyard,The Little Mermaid – A Musical Adventure,0,True
2026-09-01,07:42,Hollywood Studios,Animation Courtyard,Walt Disney Presents,0,False
2026-09-01,07:42,Hollywood Studios,Commissary Lane,Meet Disney Stars at Red Carpet Dreams,0,False
2026-09-01,07:42,Hollywood Studios,Echo Lake,For the First Time in Forever: A Frozen Sing-Along Celebration,0,True
2026-09-01,07:42,Hollywood Studios,Echo Lake,Indiana Jones™ Epic Stunt Spectacular!,0,True
2026-09-01,07:42,Hollywood Studios,Echo Lake,Meet Olaf at Celebrity Spotlight,0,False
2026-09-01,07:42,Hollywood Studios,Echo Lake,Star Tours – The Adventures Continue,0,False
2026-09-01,07:42,Hollywood Studios,Echo Lake,Vacation Fun - An Original Animated Short with Mickey & Minnie,0,False
2026-09-01,07:42,Hollywood Studios,Hollywood Boulevard,Mickey & Minnie's Runaway Railway,0,False
2026-09-01,07:42,Hollywood Studios,Pixar Plaza,Meet Edna Mode at the Edna Mode Experience,0,False
2026-09-01,07:42,Hollywood Studios,Pixar Plaza,Toy Story Mania!,0,False
2026-09-01,07:42,Hollywood Studios,Star Wars: Galaxy's Edge,Millennium Falcon: Smugglers Run,0,False
2026-09-01,07:42,Hollywood Studios,Star Wars: Galaxy's Edge,Millennium Falcon: Smugglers Run Single Rider,0,False
2026-09-01,07:42,Hollywood Studios,Star Wars: Galaxy's Edge,Star Wars: Rise of the Resistance,0,False
2026-09-01,07:42,Hollywood Studios,Star Wars: Galaxy's Edge,Star Wars: Rise of the Resistance Single Rider,0,False
2026-09-01,07:42,Hollywood Studios,Sunset Boulevard,Beauty and the Beast – Live on Stage,0,True
2026-09-01,07:42,Hollywood Studios,Sunset Boulevard,Rock 'n' Roller Coaster Starring Aerosmith Single Rider,0,False
2026-09-01,07:42,Hollywood Studios,Sunset Boulevard,Rock ’n’ Roller Coaster Starring The Muppets,0,False
2026-09-01,07:42,Hollywood Studios,Sunset Boulevard,The Twilight Zone™ Tower of Terror,0,False
2026-09-01,07:42,Hollywood Studios,Toy Story Land,Alien Swirling Saucers,0,False
2026-09-01,07:42,Hollywood Studios,Toy Story Land,Slinky Dog Dash,0,False
2026-09-01,07:42,Animal Kingdom,Africa,Festival of the Lion King,0,True
2026-09-01,07:42,Animal Kingdom,Africa,Gorilla Falls Exploration Trail,0,False
2026-09-01,07:42,Animal Kingdom,Africa,Kilimanjaro Safaris,0,False
2026-09-01,07:42,Animal Kingdom,Africa,Wildlife Express Train,0,False
2026-09-01,07:42,Animal Kingdom,Asia,Expedition Everest - Legend of the Forbidden Mountain,5,True
2026-09-01,07:42,Animal Kingdom,Asia,Expedition Everest - Legend of the Forbidden Mountain Single Rider,0,True
2026-09-01,07:42,Animal Kingdom,Asia,Feathered Friends in Flight!,0,True
2026-09-01,07:42,Animal Kingdom,Asia,Kali River Rapids,0,False
2026-09-01,07:42,Animal Kingdom,Conservation Station,Animal Care at Conservation Station,0,False
2026-09-01,07:42,Animal Kingdom,Conservation Station,Bluey's Wild World at Conservation Station,0,False
2026-09-01,07:42,Animal Kingdom,Dinoland U.S.A,Finding Nemo: The Big Blue... and Beyond!,0,True
2026-09-01,07:42,Animal Kingdom,Discovery Island,Discovery Island Trails,0,False
2026-09-01,07:42,Animal Kingdom,Discovery Island,Meet Favorite Disney Pals at Adventurers Outpost,0,False
2026-09-01,07:42,Animal Kingdom,Discovery Island,Meet Moana at Character Landing,0,False
2026-09-01,07:42,Animal Kingdom,Discovery Island,Tree of Life,0,True
2026-09-01,07:42,Animal Kingdom,Discovery Island,Zootopia: Better Zoogether!,10,True
2026-09-01,07:42,Animal Kingdom,Pandora - The World of Avatar,Avatar Flight of Passage,30,True
2026-09-01,07:42,Animal Kingdom,Pandora - The World of Avatar,Na'vi River Journey,5,True
2026-09-01,07:42,Animal Kingdom,The Oasis,The Oasis Exhibits,0,False
2026-09-01,07:42,Animal Kingdom,The Oasis,Wilderness Explorers,0,False
2026-09-01,07:47,Magic Kingdom,Adventureland,A Pirate's Adventure ~ Treasures of the Seven Seas,0,False
2026-09-01,07:47,Magic Kingdom,Adventureland,Jungle Cruise,0,False
2026-09-01,07:47,Magic Kingdom,Adventureland,Pirates of the Caribbean,0,False
2026-09-01,07:47,Magic Kingdom,Adventureland,Swiss Family Treehouse,0,False
2026-09-01,07:47,Magic Kingdom,Adventureland,The Magic Carpets of Aladdin,0,False
2026-09-01,07:47,Magic Kingdom,Adventureland,Walt Disney's Enchanted Tiki Room,0,False
2026-09-01,07:47,Magic Kingdom,Fantasyland,it's a small world,0,False
2026-09-01,07:47,Magic Kingdom,Fantasyland,Casey Jr. Splash 'N' Soak Station,0,False
2026-09-01,07:47,Magic Kingdom,Fantasyland,Cinderella Castle,0,False
2026-09-01,07:47,Magic Kingdom,Fantasyland,Dumbo the Flying Elephant,0,False
2026-09-01,07:47,Magic Kingdom,Fantasyland,Enchanted Tales with Belle,0,False
2026-09-01,07:47,Magic Kingdom,Fantasyland,Mad Tea Party,0,False
2026-09-01,07:47,Magic Kingdom,Fantasyland,Meet Ariel at Her Grotto,0,False
2026-09-01,07:47,Magic Kingdom,Fantasyland,Meet Cinderella and a Visiting Princess at Princess Fairytale Hall,0,False
2026-09-01,07:47,Magic Kingdom,Fantasyland,Meet Daring Disney Pals as Circus Stars at Pete's Silly Sideshow,0,False
2026-09-01,07:47,Magic Kingdom,Fantasyland,Meet Dashing Disney Pals as Circus Stars at Pete's Silly Sideshow,0,False
2026-09-01,07:47,Magic Kingdom,Fantasyland,Meet Princess Tiana and a Visiting Princess at Princess Fairytale Hall,0,False
2026-09-01,07:47,Magic Kingdom,Fantasyland,Mickey's PhilharMagic,0,False
2026-09-01,07:47,Magic Kingdom,Fantasyland,Peter Pan's Flight,0,False
2026-09-01,07:47,Magic Kingdom,Fantasyland,Prince Charming Regal Carrousel,0,False
2026-09-01,07:47,Magic Kingdom,Fantasyland,Seven Dwarfs Mine Train,0,False
2026-09-01,07:47,Magic Kingdom,Fantasyland,The Barnstormer,0,False
2026-09-01,07:47,Magic Kingdom,Fantasyland,The Many Adventures of Winnie the Pooh,0,False
2026-09-01,07:47,Magic Kingdom,Fantasyland,Under the Sea - Journey of The Little Mermaid,0,False
2026-09-01,07:47,Magic Kingdom,Fantasyland,Walt Disney World Railroad - Fantasyland,0,False
2026-09-01,07:47,Magic Kingdom,Frontierland,Big Thunder Mountain Railroad,0,False
2026-09-01,07:47,Magic Kingdom,Frontierland,Country Bear Musical Jamboree,0,False
2026-09-01,07:47,Magic Kingdom,Frontierland,Tiana's Bayou Adventure,0,False
2026-09-01,07:47,Magic Kingdom,Liberty Square,Haunted Mansion,0,False
2026-09-01,07:47,Magic Kingdom,Liberty Square,The Hall of Presidents,0,False
2026-09-01,07:47,Magic Kingdom,"Main Street, U.S.A.",Main Street Vehicles,0,False
2026-09-01,07:47,Magic Kingdom,"Main Street, U.S.A.",Meet Mickey at Town Square Theater,0,False
2026-09-01,07:47,Magic Kingdom,"Main Street, U.S.A.","Walt Disney World Railroad - Main Street, U.S.A.",0,False
2026-09-01,07:47,Magic Kingdom,Tomorrowland,Astro Orbiter,0,False
2026-09-01,07:47,Magic Kingdom,Tomorrowland,Buzz Lightyear’s Space Ranger Spin,0,False
2026-09-01,07:47,Magic Kingdom,Tomorrowland,"Monsters, Inc. Laugh Floor",0,False
2026-09-01,07:47,Magic Kingdom,Tomorrowland,Space Mountain,0,False
2026-09-01,07:47,Magic Kingdom,Tomorrowland,Tomorrowland Speedway,0,False
2026-09-01,07:47,Magic Kingdom,Tomorrowland,Tomorrowland Transit Authority PeopleMover,0,False
2026-09-01,07:47,Magic Kingdom,Tomorrowland,TRON Lightcycle / Run,0,False
2026-09-01,07:47,Magic Kingdom,Tomorrowland,Walt Disney's Carousel of Progress,0,False
2026-09-01,07:47,Magic Kingdom,Other,Meet Jack Skellington and Sally at Mickey's Not-So-Scary Halloween Party,0,False
2026-09-01,07:47,Magic Kingdom,Other,Meet Mickey Mouse and Minnie Mouse at Mickey's Not-So-Scary Halloween Party,0,False
2026-09-01,07:47,Magic Kingdom,,Meet Festive Disney Pals at Mickey’s Not-So-Scary Halloween Party,0,False
2026-09-01,07:47,EPCOT,World Celebration,Disney and Pixar Short Film Festival,0,False
2026-09-01,07:47,EPCOT,World Celebration,Journey Into Imagination With Figment,0,False
2026-09-01,07:47,EPCOT,World Celebration,Meet Beloved Disney Pals at Mickey & Friends,0,False
2026-09-01,07:47,EPCOT,World Celebration,Spaceship Earth,0,False
2026-09-01,07:47,EPCOT,World Discovery,Guardians of the Galaxy: Cosmic Rewind,0,False
2026-09-01,07:47,EPCOT,World Discovery,Mission: SPACE,0,False
2026-09-01,07:47,EPCOT,World Discovery,Test Track,0,False
2026-09-01,07:47,EPCOT,World Discovery,Test Track Presented by Chevrolet Single Rider,0,False
2026-09-01,07:47,EPCOT,World Nature,Awesome Planet,0,False
2026-09-01,07:47,EPCOT,World Nature,"Journey of Water, Inspired by Moana",0,False
2026-09-01,07:47,EPCOT,World Nature,Living with the Land,0,False
2026-09-01,07:47,EPCOT,World Nature,SeaBase Aquarium,0,False
2026-09-01,07:47,EPCOT,World Nature,Soarin' Across America,0,False
2026-09-01,07:47,EPCOT,World Nature,The Seas with Nemo & Friends,0,False
2026-09-01,07:47,EPCOT,World Nature,Turtle Talk With Crush,0,False
2026-09-01,07:47,EPCOT,World Showcase,Canada Far and Wide in Circle-Vision 360,0,False
2026-09-01,07:47,EPCOT,World Showcase,Frozen Ever After,0,False
2026-09-01,07:47,EPCOT,World Showcase,Gran Fiesta Tour Starring The Three Caballeros,0,False
2026-09-01,07:47,EPCOT,World Showcase,Meet Anna and Elsa at Royal Sommerhus,0,False
2026-09-01,07:47,EPCOT,World Showcase,Remy's Ratatouille Adventure,0,False
2026-09-01,07:47,EPCOT,World Showcase,Remy's Ratatouille Adventure Single Rider,0,False
2026-09-01,07:47,Hollywood Studios,Animation Courtyard,Disney Jr. Mickey Mouse Clubhouse Live!,0,True
2026-09-01,07:47,Hollywood Studios,Animation Courtyard,Meet Ariel at Walt Disney Presents,0,False
2026-09-01,07:47,Hollywood Studios,Animation Courtyard,The Little Mermaid – A Musical Adventure,0,True
2026-09-01,07:47,Hollywood Studios,Animation Courtyard,Walt Disney Presents,0,False
2026-09-01,07:47,Hollywood Studios,Commissary Lane,Meet Disney Stars at Red Carpet Dreams,0,False
2026-09-01,07:47,Hollywood Studios,Echo Lake,For the First Time in Forever: A Frozen Sing-Along Celebration,0,True
2026-09-01,07:47,Hollywood Studios,Echo Lake,Indiana Jones™ Epic Stunt Spectacular!,0,True
2026-09-01,07:47,Hollywood Studios,Echo Lake,Meet Olaf at Celebrity Spotlight,0,False
2026-09-01,07:47,Hollywood Studios,Echo Lake,Star Tours – The Adventures Continue,0,False
2026-09-01,07:47,Hollywood Studios,Echo Lake,Vacation Fun - An Original Animated Short with Mickey & Minnie,0,False
2026-09-01,07:47,Hollywood Studios,Hollywood Boulevard,Mickey & Minnie's Runaway Railway,0,False
2026-09-01,07:47,Hollywood Studios,Pixar Plaza,Meet Edna Mode at the Edna Mode Experience,0,False
2026-09-01,07:47,Hollywood Studios,Pixar Plaza,Toy Story Mania!,0,False
2026-09-01,07:47,Hollywood Studios,Star Wars: Galaxy's Edge,Millennium Falcon: Smugglers Run,0,False
2026-09-01,07:47,Hollywood Studios,Star Wars: Galaxy's Edge,Millennium Falcon: Smugglers Run Single Rider,0,False
2026-09-01,07:47,Hollywood Studios,Star Wars: Galaxy's Edge,Star Wars: Rise of the Resistance,0,False
2026-09-01,07:47,Hollywood Studios,Star Wars: Galaxy's Edge,Star Wars: Rise of the Resistance Single Rider,0,False
2026-09-01,07:47,Hollywood Studios,Sunset Boulevard,Beauty and the Beast – Live on Stage,0,True
2026-09-01,07:47,Hollywood Studios,Sunset Boulevard,Rock 'n' Roller Coaster Starring Aerosmith Single Rider,0,False
2026-09-01,07:47,Hollywood Studios,Sunset Boulevard,Rock ’n’ Roller Coaster Starring The Muppets,0,False
2026-09-01,07:47,Hollywood Studios,Sunset Boulevard,The Twilight Zone™ Tower of Terror,0,False
2026-09-01,07:47,Hollywood Studios,Toy Story Land,Alien Swirling Saucers,0,False
2026-09-01,07:47,Hollywood Studios,Toy Story Land,Slinky Dog Dash,0,False
2026-09-01,07:47,Animal Kingdom,Africa,Festival of the Lion King,0,True
2026-09-01,07:47,Animal Kingdom,Africa,Gorilla Falls Exploration Trail,0,False
2026-09-01,07:47,Animal Kingdom,Africa,Kilimanjaro Safaris,0,False
2026-09-01,07:47,Animal Kingdom,Africa,Wildlife Express Train,0,False
2026-09-01,07:47,Animal Kingdom,Asia,Expedition Everest - Legend of the Forbidden Mountain,5,True
2026-09-01,07:47,Animal Kingdom,Asia,Expedition Everest - Legend of the Forbidden Mountain Single Rider,0,True
2026-09-01,07:47,Animal Kingdom,Asia,Feathered Friends in Flight!,0,True
2026-09-01,07:47,Animal Kingdom,Asia,Kali River Rapids,0,False
2026-09-01,07:47,Animal Kingdom,Conservation Station,Animal Care at Conservation Station,0,False
2026-09-01,07:47,Animal Kingdom,Conservation Station,Bluey's Wild World at Conservation Station,0,False
2026-09-01,07:47,Animal Kingdom,Dinoland U.S.A,Finding Nemo: The Big Blue... and Beyond!,0,True
2026-09-01,07:47,Animal Kingdom,Discovery Island,Discovery Island Trails,0,False
2026-09-01,07:47,Animal Kingdom,Discovery Island,Meet Favorite Disney Pals at Adventurers Outpost,0,False
2026-09-01,07:47,Animal Kingdom,Discovery Island,Meet Moana at Character Landing,0,False
2026-09-01,07:47,Animal Kingdom,Discovery Island,Tree of Life,0,True
2026-09-01,07:47,Animal Kingdom,Discovery Island,Zootopia: Better Zoogether!,10,True
2026-09-01,07:47,Animal Kingdom,Pandora - The World of Avatar,Avatar Flight of Passage,30,True
2026-09-01,07:47,Animal Kingdom,Pandora - The World of Avatar,Na'vi River Journey,5,True
2026-09-01,07:47,Animal Kingdom,The Oasis,The Oasis Exhibits,0,False
2026-09-01,07:47,Animal Kingdom,The Oasis,Wilderness Explorers,0,False
2026-09-01,07:52,Magic Kingdom,Adventureland,A Pirate's Adventure ~ Treasures of the Seven Seas,0,False
2026-09-01,07:52,Magic Kingdom,Adventureland,Jungle Cruise,0,False
2026-09-01,07:52,Magic Kingdom,Adventureland,Pirates of the Caribbean,0,False
2026-09-01,07:52,Magic Kingdom,Adventureland,Swiss Family Treehouse,0,False
2026-09-01,07:52,Magic Kingdom,Adventureland,The Magic Carpets of Aladdin,0,False
2026-09-01,07:52,Magic Kingdom,Adventureland,Walt Disney's Enchanted Tiki Room,0,False
2026-09-01,07:52,Magic Kingdom,Fantasyland,it's a small world,0,False
2026-09-01,07:52,Magic Kingdom,Fantasyland,Casey Jr. Splash 'N' Soak Station,0,False
2026-09-01,07:52,Magic Kingdom,Fantasyland,Cinderella Castle,0,False
2026-09-01,07:52,Magic Kingdom,Fantasyland,Dumbo the Flying Elephant,0,False
2026-09-01,07:52,Magic Kingdom,Fantasyland,Enchanted Tales with Belle,0,False
2026-09-01,07:52,Magic Kingdom,Fantasyland,Mad Tea Party,0,False
2026-09-01,07:52,Magic Kingdom,Fantasyland,Meet Ariel at Her Grotto,0,False
2026-09-01,07:52,Magic Kingdom,Fantasyland,Meet Cinderella and a Visiting Princess at Princess Fairytale Hall,0,False
2026-09-01,07:52,Magic Kingdom,Fantasyland,Meet Daring Disney Pals as Circus Stars at Pete's Silly Sideshow,0,False
2026-09-01,07:52,Magic Kingdom,Fantasyland,Meet Dashing Disney Pals as Circus Stars at Pete's Silly Sideshow,0,False
2026-09-01,07:52,Magic Kingdom,Fantasyland,Meet Princess Tiana and a Visiting Princess at Princess Fairytale Hall,0,False
2026-09-01,07:52,Magic Kingdom,Fantasyland,Mickey's PhilharMagic,0,False
2026-09-01,07:52,Magic Kingdom,Fantasyland,Peter Pan's Flight,0,False
2026-09-01,07:52,Magic Kingdom,Fantasyland,Prince Charming Regal Carrousel,0,False
2026-09-01,07:52,Magic Kingdom,Fantasyland,Seven Dwarfs Mine Train,0,False
2026-09-01,07:52,Magic Kingdom,Fantasyland,The Barnstormer,0,False
2026-09-01,07:52,Magic Kingdom,Fantasyland,The Many Adventures of Winnie the Pooh,0,False
2026-09-01,07:52,Magic Kingdom,Fantasyland,Under the Sea - Journey of The Little Mermaid,0,False
2026-09-01,07:52,Magic Kingdom,Fantasyland,Walt Disney World Railroad - Fantasyland,0,False
2026-09-01,07:52,Magic Kingdom,Frontierland,Big Thunder Mountain Railroad,0,False
2026-09-01,07:52,Magic Kingdom,Frontierland,Country Bear Musical Jamboree,0,False
2026-09-01,07:52,Magic Kingdom,Frontierland,Tiana's Bayou Adventure,0,False
2026-09-01,07:52,Magic Kingdom,Liberty Square,Haunted Mansion,0,False
2026-09-01,07:52,Magic Kingdom,Liberty Square,The Hall of Presidents,0,False
2026-09-01,07:52,Magic Kingdom,"Main Street, U.S.A.",Main Street Vehicles,0,False
2026-09-01,07:52,Magic Kingdom,"Main Street, U.S.A.",Meet Mickey at Town Square Theater,0,False
2026-09-01,07:52,Magic Kingdom,"Main Street, U.S.A.","Walt Disney World Railroad - Main Street, U.S.A.",0,False
2026-09-01,07:52,Magic Kingdom,Tomorrowland,Astro Orbiter,0,False
2026-09-01,07:52,Magic Kingdom,Tomorrowland,Buzz Lightyear’s Space Ranger Spin,0,False
2026-09-01,07:52,Magic Kingdom,Tomorrowland,"Monsters, Inc. Laugh Floor",0,False
2026-09-01,07:52,Magic Kingdom,Tomorrowland,Space Mountain,0,False
2026-09-01,07:52,Magic Kingdom,Tomorrowland,Tomorrowland Speedway,0,False
2026-09-01,07:52,Magic Kingdom,Tomorrowland,Tomorrowland Transit Authority PeopleMover,0,False
2026-09-01,07:52,Magic Kingdom,Tomorrowland,TRON Lightcycle / Run,0,False
2026-09-01,07:52,Magic Kingdom,Tomorrowland,Walt Disney's Carousel of Progress,0,False
2026-09-01,07:52,Magic Kingdom,Other,Meet Jack Skellington and Sally at Mickey's Not-So-Scary Halloween Party,0,False
2026-09-01,07:52,Magic Kingdom,Other,Meet Mickey Mouse and Minnie Mouse at Mickey's Not-So-Scary Halloween Party,0,False
2026-09-01,07:52,Magic Kingdom,,Meet Festive Disney Pals at Mickey’s Not-So-Scary Halloween Party,0,False
2026-09-01,07:52,EPCOT,World Celebration,Disney and Pixar Short Film Festival,0,False
2026-09-01,07:52,EPCOT,World Celebration,Journey Into Imagination With Figment,0,False
2026-09-01,07:52,EPCOT,World Celebration,Meet Beloved Disney Pals at Mickey & Friends,0,False
2026-09-01,07:52,EPCOT,World Celebration,Spaceship Earth,0,False
2026-09-01,07:52,EPCOT,World Discovery,Guardians of the Galaxy: Cosmic Rewind,0,False
2026-09-01,07:52,EPCOT,World Discovery,Mission: SPACE,0,False
2026-09-01,07:52,EPCOT,World Discovery,Test Track,0,False
2026-09-01,07:52,EPCOT,World Discovery,Test Track Presented by Chevrolet Single Rider,0,False
2026-09-01,07:52,EPCOT,World Nature,Awesome Planet,0,False
2026-09-01,07:52,EPCOT,World Nature,"Journey of Water, Inspired by Moana",0,False
2026-09-01,07:52,EPCOT,World Nature,Living with the Land,0,False
2026-09-01,07:52,EPCOT,World Nature,SeaBase Aquarium,0,False
2026-09-01,07:52,EPCOT,World Nature,Soarin' Across America,0,False
2026-09-01,07:52,EPCOT,World Nature,The Seas with Nemo & Friends,0,False
2026-09-01,07:52,EPCOT,World Nature,Turtle Talk With Crush,0,False
2026-09-01,07:52,EPCOT,World Showcase,Canada Far and Wide in Circle-Vision 360,0,False
2026-09-01,07:52,EPCOT,World Showcase,Frozen Ever After,0,False
2026-09-01,07:52,EPCOT,World Showcase,Gran Fiesta Tour Starring The Three Caballeros,0,False
2026-09-01,07:52,EPCOT,World Showcase,Meet Anna and Elsa at Royal Sommerhus,0,False
2026-09-01,07:52,EPCOT,World Showcase,Remy's Ratatouille Adventure,0,False
2026-09-01,07:52,EPCOT,World Showcase,Remy's Ratatouille Adventure Single Rider,0,False
2026-09-01,07:52,Hollywood Studios,Animation Courtyard,Disney Jr. Mickey Mouse Clubhouse Live!,0,True
2026-09-01,07:52,Hollywood Studios,Animation Courtyard,Meet Ariel at Walt Disney Presents,0,False
2026-09-01,07:52,Hollywood Studios,Animation Courtyard,The Little Mermaid – A Musical Adventure,0,True
2026-09-01,07:52,Hollywood Studios,Animation Courtyard,Walt Disney Presents,0,False
2026-09-01,07:52,Hollywood Studios,Commissary Lane,Meet Disney Stars at Red Carpet Dreams,0,False
2026-09-01,07:52,Hollywood Studios,Echo Lake,For the First Time in Forever: A Frozen Sing-Along Celebration,0,True
2026-09-01,07:52,Hollywood Studios,Echo Lake,Indiana Jones™ Epic Stunt Spectacular!,0,True
2026-09-01,07:52,Hollywood Studios,Echo Lake,Meet Olaf at Celebrity Spotlight,0,False
2026-09-01,07:52,Hollywood Studios,Echo Lake,Star Tours – The Adventures Continue,0,False
2026-09-01,07:52,Hollywood Studios,Echo Lake,Vacation Fun - An Original Animated Short with Mickey & Minnie,0,False
2026-09-01,07:52,Hollywood Studios,Hollywood Boulevard,Mickey & Minnie's Runaway Railway,0,False
2026-09-01,07:52,Hollywood Studios,Pixar Plaza,Meet Edna Mode at the Edna Mode Experience,0,False
2026-09-01,07:52,Hollywood Studios,Pixar Plaza,Toy Story Mania!,0,False
2026-09-01,07:52,Hollywood Studios,Star Wars: Galaxy's Edge,Millennium Falcon: Smugglers Run,0,False
2026-09-01,07:52,Hollywood Studios,Star Wars: Galaxy's Edge,Millennium Falcon: Smugglers Run Single Rider,0,False
2026-09-01,07:52,Hollywood Studios,Star Wars: Galaxy's Edge,Star Wars: Rise of the Resistance,0,False
2026-09-01,07:52,Hollywood Studios,Star Wars: Galaxy's Edge,Star Wars: Rise of the Resistance Single Rider,0,False
2026-09-01,07:52,Hollywood Studios,Sunset Boulevard,Beauty and the Beast – Live on Stage,0,True
2026-09-01,07:52,Hollywood Studios,Sunset Boulevard,Rock 'n' Roller Coaster Starring Aerosmith Single Rider,0,False
2026-09-01,07:52,Hollywood Studios,Sunset Boulevard,Rock ’n’ Roller Coaster Starring The Muppets,0,False
2026-09-01,07:52,Hollywood Studios,Sunset Boulevard,The Twilight Zone™ Tower of Terror,0,False
2026-09-01,07:52,Hollywood Studios,Toy Story Land,Alien Swirling Saucers,0,False
2026-09-01,07:52,Hollywood Studios,Toy Story Land,Slinky Dog Dash,0,False
2026-09-01,07:52,Animal Kingdom,Africa,Festival of the Lion King,0,True
2026-09-01,07:52,Animal Kingdom,Africa,Gorilla Falls Exploration Trail,0,False
2026-09-01,07:52,Animal Kingdom,Africa,Kilimanjaro Safaris,0,False
2026-09-01,07:52,Animal Kingdom,Africa,Wildlife Express Train,0,False
2026-09-01,07:52,Animal Kingdom,Asia,Expedition Everest - Legend of the Forbidden Mountain,5,True
2026-09-01,07:52,Animal Kingdom,Asia,Expedition Everest - Legend of the Forbidden Mountain Single Rider,0,True
2026-09-01,07:52,Animal Kingdom,Asia,Feathered Friends in Flight!,0,True
2026-09-01,07:52,Animal Kingdom,Asia,Kali River Rapids,0,False
2026-09-01,07:52,Animal Kingdom,Conservation Station,Animal Care at Conservation Station,0,False
2026-09-01,07:52,Animal Kingdom,Conservation Station,Bluey's Wild World at Conservation Station,0,False
2026-09-01,07:52,Animal Kingdom,Dinoland U.S.A,Finding Nemo: The Big Blue... and Beyond!,0,True
2026-09-01,07:52,Animal Kingdom,Discovery Island,Discovery Island Trails,0,False
2026-09-01,07:52,Animal Kingdom,Discovery Island,Meet Favorite Disney Pals at Adventurers Outpost,0,False
2026-09-01,07:52,Animal Kingdom,Discovery Island,Meet Moana at Character Landing,0,False
2026-09-01,07:52,Animal Kingdom,Discovery Island,Tree of Life,0,True
2026-09-01,07:52,Animal Kingdom,Discovery Island,Zootopia: Better Zoogether!,10,True
2026-09-01,07:52,Animal Kingdom,Pandora - The World of Avatar,Avatar Flight of Passage,30,True
2026-09-01,07:52,Animal Kingdom,Pandora - The World of Avatar,Na'vi River Journey,5,True
2026-09-01,07:52,Animal Kingdom,The Oasis,The Oasis Exhibits,0,False
2026-09-01,07:52,Animal Kingdom,The Oasis,Wilderness Explorers,0,False
2026-09-01,07:57,Magic Kingdom,Adventureland,A Pirate's Adventure ~ Treasures of the Seven Seas,0,False
2026-09-01,07:57,Magic Kingdom,Adventureland,Jungle Cruise,0,False
2026-09-01,07:57,Magic Kingdom,Adventureland,Pirates of the Caribbean,0,False
2026-09-01,07:57,Magic Kingdom,Adventureland,Swiss Family Treehouse,0,False
2026-09-01,07:57,Magic Kingdom,Adventureland,The Magic Carpets of Aladdin,0,False
2026-09-01,07:57,Magic Kingdom,Adventureland,Walt Disney's Enchanted Tiki Room,0,False
2026-09-01,07:57,Magic Kingdom,Fantasyland,it's a small world,0,False
2026-09-01,07:57,Magic Kingdom,Fantasyland,Casey Jr. Splash 'N' Soak Station,0,False
2026-09-01,07:57,Magic Kingdom,Fantasyland,Cinderella Castle,0,False
2026-09-01,07:57,Magic Kingdom,Fantasyland,Dumbo the Flying Elephant,0,False
2026-09-01,07:57,Magic Kingdom,Fantasyland,Enchanted Tales with Belle,0,False
2026-09-01,07:57,Magic Kingdom,Fantasyland,Mad Tea Party,0,False
2026-09-01,07:57,Magic Kingdom,Fantasyland,Meet Ariel at Her Grotto,0,False
2026-09-01,07:57,Magic Kingdom,Fantasyland,Meet Cinderella and a Visiting Princess at Princess Fairytale Hall,0,False
2026-09-01,07:57,Magic Kingdom,Fantasyland,Meet Daring Disney Pals as Circus Stars at Pete's Silly Sideshow,0,False
2026-09-01,07:57,Magic Kingdom,Fantasyland,Meet Dashing Disney Pals as Circus Stars at Pete's Silly Sideshow,0,False
2026-09-01,07:57,Magic Kingdom,Fantasyland,Meet Princess Tiana and a Visiting Princess at Princess Fairytale Hall,0,False
2026-09-01,07:57,Magic Kingdom,Fantasyland,Mickey's PhilharMagic,0,False
2026-09-01,07:57,Magic Kingdom,Fantasyland,Peter Pan's Flight,0,False
2026-09-01,07:57,Magic Kingdom,Fantasyland,Prince Charming Regal Carrousel,0,False
2026-09-01,07:57,Magic Kingdom,Fantasyland,Seven Dwarfs Mine Train,0,False
2026-09-01,07:57,Magic Kingdom,Fantasyland,The Barnstormer,0,False
2026-09-01,07:57,Magic Kingdom,Fantasyland,The Many Adventures of Winnie the Pooh,0,False
2026-09-01,07:57,Magic Kingdom,Fantasyland,Under the Sea - Journey of The Little Mermaid,0,False
2026-09-01,07:57,Magic Kingdom,Fantasyland,Walt Disney World Railroad - Fantasyland,0,False
2026-09-01,07:57,Magic Kingdom,Frontierland,Big Thunder Mountain Railroad,0,False
2026-09-01,07:57,Magic Kingdom,Frontierland,Country Bear Musical Jamboree,0,False
2026-09-01,07:57,Magic Kingdom,Frontierland,Tiana's Bayou Adventure,0,False
2026-09-01,07:57,Magic Kingdom,Liberty Square,Haunted Mansion,0,False
2026-09-01,07:57,Magic Kingdom,Liberty Square,The Hall of Presidents,0,False
2026-09-01,07:57,Magic Kingdom,"Main Street, U.S.A.",Main Street Vehicles,0,False
2026-09-01,07:57,Magic Kingdom,"Main Street, U.S.A.",Meet Mickey at Town Square Theater,0,False
2026-09-01,07:57,Magic Kingdom,"Main Street, U.S.A.","Walt Disney World Railroad - Main Street, U.S.A.",0,False
2026-09-01,07:57,Magic Kingdom,Tomorrowland,Astro Orbiter,0,False
2026-09-01,07:57,Magic Kingdom,Tomorrowland,Buzz Lightyear’s Space Ranger Spin,0,False
2026-09-01,07:57,Magic Kingdom,Tomorrowland,"Monsters, Inc. Laugh Floor",0,False
2026-09-01,07:57,Magic Kingdom,Tomorrowland,Space Mountain,0,False
2026-09-01,07:57,Magic Kingdom,Tomorrowland,Tomorrowland Speedway,0,False
2026-09-01,07:57,Magic Kingdom,Tomorrowland,Tomorrowland Transit Authority PeopleMover,0,False
2026-09-01,07:57,Magic Kingdom,Tomorrowland,TRON Lightcycle / Run,0,False
2026-09-01,07:57,Magic Kingdom,Tomorrowland,Walt Disney's Carousel of Progress,0,False
2026-09-01,07:57,Magic Kingdom,Other,Meet Jack Skellington and Sally at Mickey's Not-So-Scary Halloween Party,0,False
2026-09-01,07:57,Magic Kingdom,Other,Meet Mickey Mouse and Minnie Mouse at Mickey's Not-So-Scary Halloween Party,0,False
2026-09-01,07:57,Magic Kingdom,,Meet Festive Disney Pals at Mickey’s Not-So-Scary Halloween Party,0,False
2026-09-01,07:57,EPCOT,World Celebration,Disney and Pixar Short Film Festival,0,False
2026-09-01,07:57,EPCOT,World Celebration,Journey Into Imagination With Figment,0,False
2026-09-01,07:57,EPCOT,World Celebration,Meet Beloved Disney Pals at Mickey & Friends,0,False
2026-09-01,07:57,EPCOT,World Celebration,Spaceship Earth,0,False
2026-09-01,07:57,EPCOT,World Discovery,Guardians of the Galaxy: Cosmic Rewind,0,False
2026-09-01,07:57,EPCOT,World Discovery,Mission: SPACE,0,False
2026-09-01,07:57,EPCOT,World Discovery,Test Track,0,False
2026-09-01,07:57,EPCOT,World Discovery,Test Track Presented by Chevrolet Single Rider,0,False
2026-09-01,07:57,EPCOT,World Nature,Awesome Planet,0,False
2026-09-01,07:57,EPCOT,World Nature,"Journey of Water, Inspired by Moana",0,False
2026-09-01,07:57,EPCOT,World Nature,Living with the Land,0,False
2026-09-01,07:57,EPCOT,World Nature,SeaBase Aquarium,0,False
2026-09-01,07:57,EPCOT,World Nature,Soarin' Across America,0,False
2026-09-01,07:57,EPCOT,World Nature,The Seas with Nemo & Friends,0,False
2026-09-01,07:57,EPCOT,World Nature,Turtle Talk With Crush,0,False
2026-09-01,07:57,EPCOT,World Showcase,Canada Far and Wide in Circle-Vision 360,0,False
2026-09-01,07:57,EPCOT,World Showcase,Frozen Ever After,0,False
2026-09-01,07:57,EPCOT,World Showcase,Gran Fiesta Tour Starring The Three Caballeros,0,False
2026-09-01,07:57,EPCOT,World Showcase,Meet Anna and Elsa at Royal Sommerhus,0,False
2026-09-01,07:57,EPCOT,World Showcase,Remy's Ratatouille Adventure,0,False
2026-09-01,07:57,EPCOT,World Showcase,Remy's Ratatouille Adventure Single Rider,0,False
2026-09-01,07:57,Hollywood Studios,Animation Courtyard,Disney Jr. Mickey Mouse Clubhouse Live!,0,True
2026-09-01,07:57,Hollywood Studios,Animation Courtyard,Meet Ariel at Walt Disney Presents,0,False
2026-09-01,07:57,Hollywood Studios,Animation Courtyard,The Little Mermaid – A Musical Adventure,0,True
2026-09-01,07:57,Hollywood Studios,Animation Courtyard,Walt Disney Presents,0,False
2026-09-01,07:57,Hollywood Studios,Commissary Lane,Meet Disney Stars at Red Carpet Dreams,0,False
2026-09-01,07:57,Hollywood Studios,Echo Lake,For the First Time in Forever: A Frozen Sing-Along Celebration,0,True
2026-09-01,07:57,Hollywood Studios,Echo Lake,Indiana Jones™ Epic Stunt Spectacular!,0,True
2026-09-01,07:57,Hollywood Studios,Echo Lake,Meet Olaf at Celebrity Spotlight,0,False
2026-09-01,07:57,Hollywood Studios,Echo Lake,Star Tours – The Adventures Continue,0,False
2026-09-01,07:57,Hollywood Studios,Echo Lake,Vacation Fun - An Original Animated Short with Mickey & Minnie,0,False
2026-09-01,07:57,Hollywood Studios,Hollywood Boulevard,Mickey & Minnie's Runaway Railway,0,False
2026-09-01,07:57,Hollywood Studios,Pixar Plaza,Meet Edna Mode at the Edna Mode Experience,0,False
2026-09-01,07:57,Hollywood Studios,Pixar Plaza,Toy Story Mania!,0,False
2026-09-01,07:57,Hollywood Studios,Star Wars: Galaxy's Edge,Millennium Falcon: Smugglers Run,0,False
2026-09-01,07:57,Hollywood Studios,Star Wars: Galaxy's Edge,Millennium Falcon: Smugglers Run Single Rider,0,False
2026-09-01,07:57,Hollywood Studios,Star Wars: Galaxy's Edge,Star Wars: Rise of the Resistance,0,False
2026-09-01,07:57,Hollywood Studios,Star Wars: Galaxy's Edge,Star Wars: Rise of the Resistance Single Rider,0,False
2026-09-01,07:57,Hollywood Studios,Sunset Boulevard,Beauty and the Beast – Live on Stage,0,True
2026-09-01,07:57,Hollywood Studios,Sunset Boulevard,Rock 'n' Roller Coaster Starring Aerosmith Single Rider,0,False
2026-09-01,07:57,Hollywood Studios,Sunset Boulevard,Rock ’n’ Roller Coaster Starring The Muppets,0,False
2026-09-01,07:57,Hollywood Studios,Sunset Boulevard,The Twilight Zone™ Tower of Terror,0,False
2026-09-01,07:57,Hollywood Studios,Toy Story Land,Alien Swirling Saucers,0,False
2026-09-01,07:57,Hollywood Studios,Toy Story Land,Slinky Dog Dash,0,False
2026-09-01,07:57,Animal Kingdom,Africa,Festival of the Lion King,0,True
2026-09-01,07:57,Animal Kingdom,Africa,Gorilla Falls Exploration Trail,0,False
2026-09-01,07:57,Animal Kingdom,Africa,Kilimanjaro Safaris,0,False
2026-09-01,07:57,Animal Kingdom,Africa,Wildlife Express Train,0,False
2026-09-01,07:57,Animal Kingdom,Asia,Expedition Everest - Legend of the Forbidden Mountain,5,True
2026-09-01,07:57,Animal Kingdom,Asia,Expedition Everest - Legend of the Forbidden Mountain Single Rider,0,True
2026-09-01,07:57,Animal Kingdom,Asia,Feathered Friends in Flight!,0,True
2026-09-01,07:57,Animal Kingdom,Asia,Kali River Rapids,0,False
2026-09-01,07:57,Animal Kingdom,Conservation Station,Animal Care at Conservation Station,0,False
2026-09-01,07:57,Animal Kingdom,Conservation Station,Bluey's Wild World at Conservation Station,0,False
2026-09-01,07:57,Animal Kingdom,Dinoland U.S.A,Finding Nemo: The Big Blue... and Beyond!,0,True
2026-09-01,07:57,Animal Kingdom,Discovery Island,Discovery Island Trails,0,False
2026-09-01,07:57,Animal Kingdom,Discovery Island,Meet Favorite Disney Pals at Adventurers Outpost,0,False
2026-09-01,07:57,Animal Kingdom,Discovery Island,Meet Moana at Character Landing,0,False
2026-09-01,07:57,Animal Kingdom,Discovery Island,Tree of Life,0,True
2026-09-01,07:57,Animal Kingdom,Discovery Island,Zootopia: Better Zoogether!,10,True
2026-09-01,07:57,Animal Kingdom,Pandora - The World of Avatar,Avatar Flight of Passage,30,True
2026-09-01,07:57,Animal Kingdom,Pandora - The World of Avatar,Na'vi River Journey,5,True
2026-09-01,07:57,Animal Kingdom,The Oasis,The Oasis Exhibits,0,False
2026-09-01,07:57,Animal Kingdom,The Oasis,Wilderness Explorers,0,False
2026-09-01,08:02,Magic Kingdom,Adventureland,A Pirate's Adventure ~ Treasures of the Seven Seas,0,False
2026-09-01,08:02,Magic Kingdom,Adventureland,Jungle Cruise,0,False
2026-09-01,08:02,Magic Kingdom,Adventureland,Pirates of the Caribbean,0,False
2026-09-01,08:02,Magic Kingdom,Adventureland,Swiss Family Treehouse,0,False
2026-09-01,08:02,Magic Kingdom,Adventureland,The Magic Carpets of Aladdin,0,False
2026-09-01,08:02,Magic Kingdom,Adventureland,Walt Disney's Enchanted Tiki Room,0,False
2026-09-01,08:02,Magic Kingdom,Fantasyland,it's a small world,0,False
2026-09-01,08:02,Magic Kingdom,Fantasyland,Casey Jr. Splash 'N' Soak Station,0,False
2026-09-01,08:02,Magic Kingdom,Fantasyland,Cinderella Castle,0,False
2026-09-01,08:02,Magic Kingdom,Fantasyland,Dumbo the Flying Elephant,0,False
2026-09-01,08:02,Magic Kingdom,Fantasyland,Enchanted Tales with Belle,0,False
2026-09-01,08:02,Magic Kingdom,Fantasyland,Mad Tea Party,0,False
2026-09-01,08:02,Magic Kingdom,Fantasyland,Meet Ariel at Her Grotto,0,False
2026-09-01,08:02,Magic Kingdom,Fantasyland,Meet Cinderella and a Visiting Princess at Princess Fairytale Hall,0,False
2026-09-01,08:02,Magic Kingdom,Fantasyland,Meet Daring Disney Pals as Circus Stars at Pete's Silly Sideshow,0,False
2026-09-01,08:02,Magic Kingdom,Fantasyland,Meet Dashing Disney Pals as Circus Stars at Pete's Silly Sideshow,0,False
2026-09-01,08:02,Magic Kingdom,Fantasyland,Meet Princess Tiana and a Visiting Princess at Princess Fairytale Hall,0,False
2026-09-01,08:02,Magic Kingdom,Fantasyland,Mickey's PhilharMagic,0,False
2026-09-01,08:02,Magic Kingdom,Fantasyland,Peter Pan's Flight,0,False
2026-09-01,08:02,Magic Kingdom,Fantasyland,Prince Charming Regal Carrousel,0,False
2026-09-01,08:02,Magic Kingdom,Fantasyland,Seven Dwarfs Mine Train,0,False
2026-09-01,08:02,Magic Kingdom,Fantasyland,The Barnstormer,0,False
2026-09-01,08:02,Magic Kingdom,Fantasyland,The Many Adventures of Winnie the Pooh,0,False
2026-09-01,08:02,Magic Kingdom,Fantasyland,Under the Sea - Journey of The Little Mermaid,0,False
2026-09-01,08:02,Magic Kingdom,Fantasyland,Walt Disney World Railroad - Fantasyland,0,False
2026-09-01,08:02,Magic Kingdom,Frontierland,Big Thunder Mountain Railroad,0,False
2026-09-01,08:02,Magic Kingdom,Frontierland,Country Bear Musical Jamboree,0,False
2026-09-01,08:02,Magic Kingdom,Frontierland,Tiana's Bayou Adventure,0,False
2026-09-01,08:02,Magic Kingdom,Liberty Square,Haunted Mansion,0,False
2026-09-01,08:02,Magic Kingdom,Liberty Square,The Hall of Presidents,0,False
2026-09-01,08:02,Magic Kingdom,"Main Street, U.S.A.",Main Street Vehicles,0,False
2026-09-01,08:02,Magic Kingdom,"Main Street, U.S.A.",Meet Mickey at Town Square Theater,0,False
2026-09-01,08:02,Magic Kingdom,"Main Street, U.S.A.","Walt Disney World Railroad - Main Street, U.S.A.",0,False
2026-09-01,08:02,Magic Kingdom,Tomorrowland,Astro Orbiter,0,False
2026-09-01,08:02,Magic Kingdom,Tomorrowland,Buzz Lightyear’s Space Ranger Spin,0,False
2026-09-01,08:02,Magic Kingdom,Tomorrowland,"Monsters, Inc. Laugh Floor",0,False
2026-09-01,08:02,Magic Kingdom,Tomorrowland,Space Mountain,0,False
2026-09-01,08:02,Magic Kingdom,Tomorrowland,Tomorrowland Speedway,0,False
2026-09-01,08:02,Magic Kingdom,Tomorrowland,Tomorrowland Transit Authority PeopleMover,0,False
2026-09-01,08:02,Magic Kingdom,Tomorrowland,TRON Lightcycle / Run,0,False
2026-09-01,08:02,Magic Kingdom,Tomorrowland,Walt Disney's Carousel of Progress,0,False
2026-09-01,08:02,Magic Kingdom,Other,Meet Jack Skellington and Sally at Mickey's Not-So-Scary Halloween Party,0,False
2026-09-01,08:02,Magic Kingdom,Other,Meet Mickey Mouse and Minnie Mouse at Mickey's Not-So-Scary Halloween Party,0,False
2026-09-01,08:02,Magic Kingdom,,Meet Festive Disney Pals at Mickey’s Not-So-Scary Halloween Party,0,False
2026-09-01,08:02,EPCOT,World Celebration,Disney and Pixar Short Film Festival,0,False
2026-09-01,08:02,EPCOT,World Celebration,Journey Into Imagination With Figment,0,False
2026-09-01,08:02,EPCOT,World Celebration,Meet Beloved Disney Pals at Mickey & Friends,0,False
2026-09-01,08:02,EPCOT,World Celebration,Spaceship Earth,0,False
2026-09-01,08:02,EPCOT,World Discovery,Guardians of the Galaxy: Cosmic Rewind,0,False
2026-09-01,08:02,EPCOT,World Discovery,Mission: SPACE,0,False
2026-09-01,08:02,EPCOT,World Discovery,Test Track,0,False
2026-09-01,08:02,EPCOT,World Discovery,Test Track Presented by Chevrolet Single Rider,0,False
2026-09-01,08:02,EPCOT,World Nature,Awesome Planet,0,False
2026-09-01,08:02,EPCOT,World Nature,"Journey of Water, Inspired by Moana",0,False
2026-09-01,08:02,EPCOT,World Nature,Living with the Land,0,False
2026-09-01,08:02,EPCOT,World Nature,SeaBase Aquarium,0,False
2026-09-01,08:02,EPCOT,World Nature,Soarin' Across America,0,False
2026-09-01,08:02,EPCOT,World Nature,The Seas with Nemo & Friends,0,False
2026-09-01,08:02,EPCOT,World Nature,Turtle Talk With Crush,0,False
2026-09-01,08:02,EPCOT,World Showcase,Canada Far and Wide in Circle-Vision 360,0,False
2026-09-01,08:02,EPCOT,World Showcase,Frozen Ever After,0,False
2026-09-01,08:02,EPCOT,World Showcase,Gran Fiesta Tour Starring The Three Caballeros,0,False
2026-09-01,08:02,EPCOT,World Showcase,Meet Anna and Elsa at Royal Sommerhus,0,False
2026-09-01,08:02,EPCOT,World Showcase,Remy's Ratatouille Adventure,0,False
2026-09-01,08:02,EPCOT,World Showcase,Remy's Ratatouille Adventure Single Rider,0,False
2026-09-01,08:02,Hollywood Studios,Animation Courtyard,Disney Jr. Mickey Mouse Clubhouse Live!,0,True
2026-09-01,08:02,Hollywood Studios,Animation Courtyard,Meet Ariel at Walt Disney Presents,0,False
2026-09-01,08:02,Hollywood Studios,Animation Courtyard,The Little Mermaid – A Musical Adventure,0,True
2026-09-01,08:02,Hollywood Studios,Animation Courtyard,Walt Disney Presents,0,False
2026-09-01,08:02,Hollywood Studios,Commissary Lane,Meet Disney Stars at Red Carpet Dreams,0,False
2026-09-01,08:02,Hollywood Studios,Echo Lake,For the First Time in Forever: A Frozen Sing-Along Celebration,0,True
2026-09-01,08:02,Hollywood Studios,Echo Lake,Indiana Jones™ Epic Stunt Spectacular!,0,True
2026-09-01,08:02,Hollywood Studios,Echo Lake,Meet Olaf at Celebrity Spotlight,0,False
2026-09-01,08:02,Hollywood Studios,Echo Lake,Star Tours – The Adventures Continue,0,False
2026-09-01,08:02,Hollywood Studios,Echo Lake,Vacation Fun - An Original Animated Short with Mickey & Minnie,0,False
2026-09-01,08:02,Hollywood Studios,Hollywood Boulevard,Mickey & Minnie's Runaway Railway,0,False
2026-09-01,08:02,Hollywood Studios,Pixar Plaza,Meet Edna Mode at the Edna Mode Experience,0,False
2026-09-01,08:02,Hollywood Studios,Pixar Plaza,Toy Story Mania!,0,False
2026-09-01,08:02,Hollywood Studios,Star Wars: Galaxy's Edge,Millennium Falcon: Smugglers Run,0,False
2026-09-01,08:02,Hollywood Studios,Star Wars: Galaxy's Edge,Millennium Falcon: Smugglers Run Single Rider,0,False
2026-09-01,08:02,Hollywood Studios,Star Wars: Galaxy's Edge,Star Wars: Rise of the Resistance,0,False
2026-09-01,08:02,Hollywood Studios,Star Wars: Galaxy's Edge,Star Wars: Rise of the Resistance Single Rider,0,False
2026-09-01,08:02,Hollywood Studios,Sunset Boulevard,Beauty and the Beast – Live on Stage,0,True
2026-09-01,08:02,Hollywood Studios,Sunset Boulevard,Rock 'n' Roller Coaster Starring Aerosmith Single Rider,0,False
2026-09-01,08:02,Hollywood Studios,Sunset Boulevard,Rock ’n’ Roller Coaster Starring The Muppets,0,False
2026-09-01,08:02,Hollywood Studios,Sunset Boulevard,The Twilight Zone™ Tower of Terror,0,False
2026-09-01,08:02,Hollywood Studios,Toy Story Land,Alien Swirling Saucers,0,False
2026-09-01,08:02,Hollywood Studios,Toy Story Land,Slinky Dog Dash,0,False
2026-09-01,08:02,Animal Kingdom,Africa,Festival of the Lion King,0,True
2026-09-01,08:02,Animal Kingdom,Africa,Gorilla Falls Exploration Trail,0,False
2026-09-01,08:02,Animal Kingdom,Africa,Kilimanjaro Safaris,0,False
2026-09-01,08:02,Animal Kingdom,Africa,Wildlife Express Train,0,False
2026-09-01,08:02,Animal Kingdom,Asia,Expedition Everest - Legend of the Forbidden Mountain,5,True
2026-09-01,08:02,Animal Kingdom,Asia,Expedition Everest - Legend of the Forbidden Mountain Single Rider,0,True
2026-09-01,08:02,Animal Kingdom,Asia,Feathered Friends in Flight!,0,True
2026-09-01,08:02,Animal Kingdom,Asia,Kali River Rapids,0,False
2026-09-01,08:02,Animal Kingdom,Conservation Station,Animal Care at Conservation Station,0,True
2026-09-01,08:02,Animal Kingdom,Conservation Station,Bluey's Wild World at Conservation Station,0,False
2026-09-01,08:02,Animal Kingdom,Dinoland U.S.A,Finding Nemo: The Big Blue... and Beyond!,0,True
2026-09-01,08:02,Animal Kingdom,Discovery Island,Discovery Island Trails,0,True
2026-09-01,08:02,Animal Kingdom,Discovery Island,Meet Favorite Disney Pals at Adventurers Outpost,0,False
2026-09-01,08:02,Animal Kingdom,Discovery Island,Meet Moana at Character Landing,0,False
2026-09-01,08:02,Animal Kingdom,Discovery Island,Tree of Life,0,True
2026-09-01,08:02,Animal Kingdom,Discovery Island,Zootopia: Better Zoogether!,10,True
2026-09-01,08:02,Animal Kingdom,Pandora - The World of Avatar,Avatar Flight of Passage,35,True
2026-09-01,08:02,Animal Kingdom,Pandora - The World of Avatar,Na'vi River Journey,5,True
2026-09-01,08:02,Animal Kingdom,The Oasis,The Oasis Exhibits,0,True
2026-09-01,08:02,Animal Kingdom,The Oasis,Wilderness Explorers,0,False
2026-09-01,08:07,Magic Kingdom,Adventureland,A Pirate's Adventure ~ Treasures of the Seven Seas,0,False
2026-09-01,08:07,Magic Kingdom,Adventureland,Jungle Cruise,0,False
2026-09-01,08:07,Magic Kingdom,Adventureland,Pirates of the Caribbean,0,False
2026-09-01,08:07,Magic Kingdom,Adventureland,Swiss Family Treehouse,0,False
2026-09-01,08:07,Magic Kingdom,Adventureland,The Magic Carpets of Aladdin,0,False
2026-09-01,08:07,Magic Kingdom,Adventureland,Walt Disney's Enchanted Tiki Room,0,False
2026-09-01,08:07,Magic Kingdom,Fantasyland,it's a small world,0,False
2026-09-01,08:07,Magic Kingdom,Fantasyland,Casey Jr. Splash 'N' Soak Station,0,False
2026-09-01,08:07,Magic Kingdom,Fantasyland,Cinderella Castle,0,False
2026-09-01,08:07,Magic Kingdom,Fantasyland,Dumbo the Flying Elephant,0,False
2026-09-01,08:07,Magic Kingdom,Fantasyland,Enchanted Tales with Belle,0,False
2026-09-01,08:07,Magic Kingdom,Fantasyland,Mad Tea Party,0,False
2026-09-01,08:07,Magic Kingdom,Fantasyland,Meet Ariel at Her Grotto,0,False
2026-09-01,08:07,Magic Kingdom,Fantasyland,Meet Cinderella and a Visiting Princess at Princess Fairytale Hall,0,False
2026-09-01,08:07,Magic Kingdom,Fantasyland,Meet Daring Disney Pals as Circus Stars at Pete's Silly Sideshow,0,False
2026-09-01,08:07,Magic Kingdom,Fantasyland,Meet Dashing Disney Pals as Circus Stars at Pete's Silly Sideshow,0,False
2026-09-01,08:07,Magic Kingdom,Fantasyland,Meet Princess Tiana and a Visiting Princess at Princess Fairytale Hall,0,False
2026-09-01,08:07,Magic Kingdom,Fantasyland,Mickey's PhilharMagic,0,False
2026-09-01,08:07,Magic Kingdom,Fantasyland,Peter Pan's Flight,0,False
2026-09-01,08:07,Magic Kingdom,Fantasyland,Prince Charming Regal Carrousel,0,False
2026-09-01,08:07,Magic Kingdom,Fantasyland,Seven Dwarfs Mine Train,0,False
2026-09-01,08:07,Magic Kingdom,Fantasyland,The Barnstormer,0,False
2026-09-01,08:07,Magic Kingdom,Fantasyland,The Many Adventures of Winnie the Pooh,0,False
2026-09-01,08:07,Magic Kingdom,Fantasyland,Under the Sea - Journey of The Little Mermaid,0,False
2026-09-01,08:07,Magic Kingdom,Fantasyland,Walt Disney World Railroad - Fantasyland,0,False
2026-09-01,08:07,Magic Kingdom,Frontierland,Big Thunder Mountain Railroad,0,False
2026-09-01,08:07,Magic Kingdom,Frontierland,Country Bear Musical Jamboree,0,False
2026-09-01,08:07,Magic Kingdom,Frontierland,Tiana's Bayou Adventure,0,False
2026-09-01,08:07,Magic Kingdom,Liberty Square,Haunted Mansion,0,False
2026-09-01,08:07,Magic Kingdom,Liberty Square,The Hall of Presidents,0,False
2026-09-01,08:07,Magic Kingdom,"Main Street, U.S.A.",Main Street Vehicles,0,False
2026-09-01,08:07,Magic Kingdom,"Main Street, U.S.A.",Meet Mickey at Town Square Theater,0,False
2026-09-01,08:07,Magic Kingdom,"Main Street, U.S.A.","Walt Disney World Railroad - Main Street, U.S.A.",0,False
2026-09-01,08:07,Magic Kingdom,Tomorrowland,Astro Orbiter,0,False
2026-09-01,08:07,Magic Kingdom,Tomorrowland,Buzz Lightyear’s Space Ranger Spin,0,False
2026-09-01,08:07,Magic Kingdom,Tomorrowland,"Monsters, Inc. Laugh Floor",0,False
2026-09-01,08:07,Magic Kingdom,Tomorrowland,Space Mountain,0,False
2026-09-01,08:07,Magic Kingdom,Tomorrowland,Tomorrowland Speedway,0,False
2026-09-01,08:07,Magic Kingdom,Tomorrowland,Tomorrowland Transit Authority PeopleMover,0,False
2026-09-01,08:07,Magic Kingdom,Tomorrowland,TRON Lightcycle / Run,0,False
2026-09-01,08:07,Magic Kingdom,Tomorrowland,Walt Disney's Carousel of Progress,0,False
2026-09-01,08:07,Magic Kingdom,Other,Meet Jack Skellington and Sally at Mickey's Not-So-Scary Halloween Party,0,False
2026-09-01,08:07,Magic Kingdom,Other,Meet Mickey Mouse and Minnie Mouse at Mickey's Not-So-Scary Halloween Party,0,False
2026-09-01,08:07,Magic Kingdom,,Meet Festive Disney Pals at Mickey’s Not-So-Scary Halloween Party,0,False
2026-09-01,08:07,EPCOT,World Celebration,Disney and Pixar Short Film Festival,0,False
2026-09-01,08:07,EPCOT,World Celebration,Journey Into Imagination With Figment,0,False
2026-09-01,08:07,EPCOT,World Celebration,Meet Beloved Disney Pals at Mickey & Friends,0,False
2026-09-01,08:07,EPCOT,World Celebration,Spaceship Earth,0,False
2026-09-01,08:07,EPCOT,World Discovery,Guardians of the Galaxy: Cosmic Rewind,0,False
2026-09-01,08:07,EPCOT,World Discovery,Mission: SPACE,0,False
2026-09-01,08:07,EPCOT,World Discovery,Test Track,0,False
2026-09-01,08:07,EPCOT,World Discovery,Test Track Presented by Chevrolet Single Rider,0,False
2026-09-01,08:07,EPCOT,World Nature,Awesome Planet,0,False
2026-09-01,08:07,EPCOT,World Nature,"Journey of Water, Inspired by Moana",0,False
2026-09-01,08:07,EPCOT,World Nature,Living with the Land,0,False
2026-09-01,08:07,EPCOT,World Nature,SeaBase Aquarium,0,False
2026-09-01,08:07,EPCOT,World Nature,Soarin' Across America,0,False
2026-09-01,08:07,EPCOT,World Nature,The Seas with Nemo & Friends,0,False
2026-09-01,08:07,EPCOT,World Nature,Turtle Talk With Crush,0,False
2026-09-01,08:07,EPCOT,World Showcase,Canada Far and Wide in Circle-Vision 360,0,False
2026-09-01,08:07,EPCOT,World Showcase,Frozen Ever After,0,False
2026-09-01,08:07,EPCOT,World Showcase,Gran Fiesta Tour Starring The Three Caballeros,0,False
2026-09-01,08:07,EPCOT,World Showcase,Meet Anna and Elsa at Royal Sommerhus,0,False
2026-09-01,08:07,EPCOT,World Showcase,Remy's Ratatouille Adventure,0,False
2026-09-01,08:07,EPCOT,World Showcase,Remy's Ratatouille Adventure Single Rider,0,False
2026-09-01,08:07,Hollywood Studios,Animation Courtyard,Disney Jr. Mickey Mouse Clubhouse Live!,0,True
2026-09-01,08:07,Hollywood Studios,Animation Courtyard,Meet Ariel at Walt Disney Presents,0,False
2026-09-01,08:07,Hollywood Studios,Animation Courtyard,The Little Mermaid – A Musical Adventure,0,True
2026-09-01,08:07,Hollywood Studios,Animation Courtyard,Walt Disney Presents,0,False
2026-09-01,08:07,Hollywood Studios,Commissary Lane,Meet Disney Stars at Red Carpet Dreams,0,False
2026-09-01,08:07,Hollywood Studios,Echo Lake,For the First Time in Forever: A Frozen Sing-Along Celebration,0,True
2026-09-01,08:07,Hollywood Studios,Echo Lake,Indiana Jones™ Epic Stunt Spectacular!,0,True
2026-09-01,08:07,Hollywood Studios,Echo Lake,Meet Olaf at Celebrity Spotlight,0,False
2026-09-01,08:07,Hollywood Studios,Echo Lake,Star Tours – The Adventures Continue,0,False
2026-09-01,08:07,Hollywood Studios,Echo Lake,Vacation Fun - An Original Animated Short with Mickey & Minnie,0,False
2026-09-01,08:07,Hollywood Studios,Hollywood Boulevard,Mickey & Minnie's Runaway Railway,0,False
2026-09-01,08:07,Hollywood Studios,Pixar Plaza,Meet Edna Mode at the Edna Mode Experience,0,False
2026-09-01,08:07,Hollywood Studios,Pixar Plaza,Toy Story Mania!,0,False
2026-09-01,08:07,Hollywood Studios,Star Wars: Galaxy's Edge,Millennium Falcon: Smugglers Run,0,False
2026-09-01,08:07,Hollywood Studios,Star Wars: Galaxy's Edge,Millennium Falcon: Smugglers Run Single Rider,0,False
2026-09-01,08:07,Hollywood Studios,Star Wars: Galaxy's Edge,Star Wars: Rise of the Resistance,0,False
2026-09-01,08:07,Hollywood Studios,Star Wars: Galaxy's Edge,Star Wars: Rise of the Resistance Single Rider,0,False
2026-09-01,08:07,Hollywood Studios,Sunset Boulevard,Beauty and the Beast – Live on Stage,0,True
2026-09-01,08:07,Hollywood Studios,Sunset Boulevard,Rock 'n' Roller Coaster Starring Aerosmith Single Rider,0,False
2026-09-01,08:07,Hollywood Studios,Sunset Boulevard,Rock ’n’ Roller Coaster Starring The Muppets,0,False
2026-09-01,08:07,Hollywood Studios,Sunset Boulevard,The Twilight Zone™ Tower of Terror,0,False
2026-09-01,08:07,Hollywood Studios,Toy Story Land,Alien Swirling Saucers,0,False
2026-09-01,08:07,Hollywood Studios,Toy Story Land,Slinky Dog Dash,0,False
2026-09-01,08:07,Animal Kingdom,Africa,Festival of the Lion King,0,True
2026-09-01,08:07,Animal Kingdom,Africa,Gorilla Falls Exploration Trail,0,False
2026-09-01,08:07,Animal Kingdom,Africa,Kilimanjaro Safaris,10,True
2026-09-01,08:07,Animal Kingdom,Africa,Wildlife Express Train,0,True
2026-09-01,08:07,Animal Kingdom,Asia,Expedition Everest - Legend of the Forbidden Mountain,5,True
2026-09-01,08:07,Animal Kingdom,Asia,Expedition Everest - Legend of the Forbidden Mountain Single Rider,0,True
2026-09-01,08:07,Animal Kingdom,Asia,Feathered Friends in Flight!,0,True
2026-09-01,08:07,Animal Kingdom,Asia,Kali River Rapids,0,False
2026-09-01,08:07,Animal Kingdom,Conservation Station,Animal Care at Conservation Station,0,True
2026-09-01,08:07,Animal Kingdom,Conservation Station,Bluey's Wild World at Conservation Station,0,False
2026-09-01,08:07,Animal Kingdom,Dinoland U.S.A,Finding Nemo: The Big Blue... and Beyond!,0,True
2026-09-01,08:07,Animal Kingdom,Discovery Island,Discovery Island Trails,0,True
2026-09-01,08:07,Animal Kingdom,Discovery Island,Meet Favorite Disney Pals at Adventurers Outpost,10,True
2026-09-01,08:07,Animal Kingdom,Discovery Island,Meet Moana at Character Landing,0,False
2026-09-01,08:07,Animal Kingdom,Discovery Island,Tree of Life,0,True
2026-09-01,08:07,Animal Kingdom,Discovery Island,Zootopia: Better Zoogether!,10,True
2026-09-01,08:07,Animal Kingdom,Pandora - The World of Avatar,Avatar Flight of Passage,35,True
2026-09-01,08:07,Animal Kingdom,Pandora - The World of Avatar,Na'vi River Journey,5,True
2026-09-01,08:07,Animal Kingdom,The Oasis,The Oasis Exhibits,0,True
2026-09-01,08:07,Animal Kingdom,The Oasis,Wilderness Explorers,0,False
